8.49550,39.18550,5,Traffipax Fisso - Vigili U.,50,
9.15170,39.19600,5007121,autovelox dir Poetto,50,
9.13280,39.20515,5007121,autovelox dir Poetto,50,
9.12284,39.20733,5007121,autovelox fisso,50,
9.13850,39.22490,7007121,autovelox dir Pirri,70,
9.13040,39.23680,5007121,autovelox dir Pirri,50,
8.49070,39.29261,5,Traffipax Fisso dir Iglesias,50,
8.49529,39.29483,5,Traffipax Fisso dir Carbonia,50,
9.04810,39.37821,9009052,Traffipax Fisso,90,
9.04982,39.38566,9,Traffipax Fisso - Polstrada,90,
8.98643,39.68188,5007093,Autovelox Fisso,50,
8.63549,39.71419,5009061,Traffipax Fisso,50,
8.63269,39.72461,5,Traffipax Fisso - Vigili U.,50,
8.58249,39.76815,7008072,Traffipax,70,
8.58222,39.78012,7008072,Traffipax,70,
10.54091,42.94611,5007030,fisso,50,
11.42577,42.96421,5009022,Autovelox Fisso,50,
10.53560,42.96593,5007120,Autovelox Fisso dir mare,50,
10.63661,43.04180,5007031,dir Suvereto,50,
10.48349,43.43331,7007013,bidirezionale SS 206,70,
10.49622,43.39793,5007013,fisso SS 206,50,
10.50291,43.37582,5007013,fisso SS 206,50,
10.54517,43.32521,7009020,Bidirezionale,70,
10.57960,43.04676,5007031,dir Sud,50,
10.64046,43.04389,5007031,dir Venturina,50,
11.08624,43.38684,5007062,Autovelox Fisso,50,
11.09342,43.42286,5008102,Autovelox Fisso Vigili U.,50,
11.13743,43.42699,5007092,Autovelox Fisso,50,
11.15892,43.45581,9008082,Direz SI,90,
11.16098,43.41425,9008082,Direz FI,90,
11.16153,43.41349,9008082,Direz SI,90,
11.19398,43.39987,9008082,Direz FI,90,
11.21830,43.41877,7008051,Autovelox Fisso,70,
11.24986,43.27348,5008072,Autovelox Fisso,50,
11.26149,43.38956,9008082,Direz SI,90,
11.26581,43.28463,5008080,Autovelox Fisso,50,
11.28628,43.37535,9008082,Direz FI,90,
11.28658,43.14547,7009021,Bidirezionale Fisso,70,
11.29819,43.42150,5008102,Autovelox Fisso Compatto,50,
10.34240,43.59395,9007032,Fipili 6,90,
10.35390,43.59589,4008011,autovelox fisso,40,
10.40485,43.61836,5009051,Autovelox dir Pisa,50,
10.40764,43.61949,5008090,dir Livorno,50,
10.41329,43.59801,5007120,Localitâ€¡ Guasticce,50,
10.45988,43.52385,5007112,dir nord,50,
10.47070,43.61499,7007013,fisso SS 206,70,
10.47807,43.55873,5007013,fisso SS 206,50,
10.51059,43.49369,3008111,Box Speed Check,30,
10.51065,43.62032,9007032,Fipili 7,90,
10.51074,43.49327,3008111,Box Speed Check,30,
10.52944,43.59139,5007052,SP31,50,
10.60616,43.60821,5007013,Via Livornese Est,50,
10.62905,43.57908,6007021,SP13 ,60,
10.88897,43.57691,6007031,SP 7 bidirezionale,60,
10.89847,43.52416,6007031,san vivaldo bidirez,60,
10.90054,43.56209,6007031,Comiti bidirezionale,60,
10.96142,43.62554,7008092,Bidirezionale,70,
10.99160,43.58780,7008092,Bidirezionale,70,
11.04322,43.47679,4008050,SP12 Ulignano,40,
11.05249,43.45856,7008011,fisso s.p.1,70,
11.10433,43.49363,5008092,SP9 di Piano d'Elsa,50,
11.14118,43.57730,5007062,Marcialla,50,
11.16366,43.61000,5009011,sanecchiolo,50,
11.17518,43.54594,5007092,Via Cassia Barberino,50,
11.19735,43.59494,9008082,Direz FI,90,
11.19939,43.59127,9008082,Direz SI,90,
11.20154,43.52558,9008082,Direz SI,90,
11.20439,43.56209,5008100,Autovelox Fisso,50,
11.20562,43.56147,5008100,Autovelox Fisso,50,
11.20849,43.57708,6009010,fisso ,60,
11.24186,43.53357,3009061,Autobox Fisso,30,
11.24995,43.48770,5008102,Autovelox Fisso,50,
11.28178,43.62515,5007062,SP passo dei pecorai,50,
11.29945,43.48809,7008101,Autovelox Fisso,70,
11.30549,43.60568,5007062,SS22 greti,50,
11.31450,43.53636,5008051,pieve di panzano,50,
11.31686,43.57757,5008051,Autovelox Fisso dir FI,50,
11.38339,43.59938,5008051,Dudda SP 16,50,
10.30663,43.63536,7008011,direz Pisa,70,
10.31330,43.63856,7008011,direz Mare,70,
10.31535,43.67573,7008011,direz Pisa,70,
10.32012,43.67572,7008011,direz Mare,70,
10.42243,43.69219,9007032,Fipili 5,90,
10.50605,43.70558,5007021,fisso 50,
10.52400,43.69274,5007021,fisso 50,
10.54410,43.65120,9007032,Fipili 8,90,
10.57242,43.68154,6007041,direz Pontedera,60,
10.57452,43.66592,5008011,Via Del Fosso Nuovo,50,
10.57888,43.68640,5007041,direz Pisa,50,
10.58345,43.68528,5007041,SP della botte,50,
10.62744,43.70920,5007021,Bientina 1,50,
10.62938,43.64729,5007071,direz Pontedera,50,
10.66129,43.70938,7007021,Bientina,70,
10.66771,43.66326,5008010,Dir Firenze,50,
10.68363,43.66165,5007032,dir Pisa,50,
10.69279,43.65915,9007013,Fipili 1,90,
10.70658,43.66702,5009062,Box Speed Check,50,
10.71551,43.67005,5009070,red and speed,50,
10.71807,43.66999,9007032,Fipili 9,90,
10.75922,43.68316,9007032,Fipili 3,90,
10.79663,43.71980,5007020,Fucecchio1,50,
10.81656,43.73187,7008040,SP1 fucecchio,70,
10.81897,43.71161,5007031,dir Fucecchio,50,
10.86016,43.72137,7007042,SP1 bidirezionale,70,
10.86145,43.70415,9007032,Fipili 10,90,
10.94527,43.63128,5008100,Bidirezionale,50,
10.96666,43.71056,9007032,Fipili 11,90,
11.00452,43.72182,9007032,Fipili 4,90,
11.02564,43.63789,5007120,Ortimino SP4,50,
11.06113,43.64583,5007051,SP montespertoli 2,50,
11.06809,43.70317,5007051,SP8 fornace,50,
11.06928,43.69205,5007051,SP8 mela,50,
11.07473,43.64525,5007051,SP montespertoli 1,50,
11.08188,43.66485,5007051,SP8 baccaiano,50,
11.08638,43.72434,9007013,Fipili 2,90,
11.09360,43.70165,5007041,SP1 s.vincenzo a torri2,50,
11.09860,43.69924,5007041,SP1 s.vincenzo a torri1,50,
11.10444,43.67261,5007051,SP montagnana,50,
11.12716,43.65143,5007092,SP8 S.Quirico,50,
11.15073,43.67690,5007041,SP1 croce di via1,50,
11.15417,43.67361,5007041,SP1 croce di via2,50,
11.16616,43.69201,5007041,SP mulino di sugana,50,
11.17627,43.63635,5007103,calzaiolo san casciano v.p.,50,
11.18125,43.65085,5007091,SP 9 s.casciano,50,
11.18874,43.71021,5007041,SP chiesanuova,50,
11.19131,43.65508,5007050,SP9 san casciano,50,
11.19301,43.67729,3007050,spedaletto,30,
11.20864,43.66507,9008082,Direz FI,90,
11.20942,43.70807,5007042,SS tavarnuzze1,50,
11.21548,43.67556,5007050,SP falciani,50,
11.21970,43.69573,5007042,SP6 cantagallo,50,
11.22131,43.71466,5007042,SS tavarnuzze2,50,
11.23455,43.69179,5007042,SP6 bagnolo,50,
11.23474,43.72161,8007032,A dir nord,80,
11.24556,43.72335,5007050,SP7 pozzolatico,50,
11.25146,43.65873,5007050,SP ferrone1,50,
11.25876,43.65295,5007050,SP ferrone2,50,
11.25969,43.68382,5007042,SP6 impruneta,50,
11.29255,43.66768,5007042,SS22 petigliolo,50,
11.29329,43.72659,4007041,SS22 grassina1,40,
11.29529,43.72250,4007041,SS22 grassina2,40,
11.29601,43.68535,4007042,SS22 solaia,40,
11.31412,43.63708,5007062,SS22 chiocchio,50,
11.32578,43.72857,5007040,via Peruzzi,50,
11.33158,43.72977,13007032,A1/E3 chianti,130,
11.34707,43.72917,5007041,SP osteria nuova,50,
11.36063,43.67085,4008072,San Polo,40,
11.37506,43.72509,11007032,A dir nord,110,
11.39655,43.71532,5007041,SP troghi,50,
11.40266,43.70000,13007032,A1/E35,130,
11.41457,43.72873,5007040,SP8 Le Corti,50,
11.43382,43.63868,5009040,Entrambe le direzioni,50,
11.44575,43.67870,5007041,SP burchio,50,
11.45106,43.71534,5009012,Rignano,50,
11.45196,43.64415,5,Autobox Fisso - Vigili U.,50,
11.45274,43.63825,5009040,Autobox Fisso,50,
7.69262,43.79272,6009061,Traffipax Fisso,60,
7.73425,43.79650,5009061,Bidirezionale,50,
7.91327,43.84109,6009061,Traffipax Fisso,60,
8.06629,43.89088,5,Traffipax Fisso - Vigili U.,50,
10.53242,43.82796,13007013,A11/E76,130,
10.67846,43.81796,13007013,A11/E76,130,
10.68865,43.90391,5,Pescia via mazzini,50,
10.70410,43.85666,7007081,SP1 dir Pescia,70,
10.74444,43.79972,6007031,Querce,60,
10.75709,43.75716,5008010,SP 1 le vedute,50,
10.78070,43.78828,5007031,Cinelli,50,
10.81979,43.74739,7007041,SS43 le botteghe,70,
10.82299,43.88999,10007013,Fisso A11,100,
10.82426,43.76135,7007042,SS43 traffipax,70,
10.82761,43.89879,13007020,A11/E76,130,
10.83592,43.79208,5007041,SS43 stabbia,50,
10.84493,43.90799,7007051,SS43 dir montecatini,70,
10.84533,43.90783,7007051,SS43 -dir pistoia,70,
10.86371,43.82759,5007041,SP1 san rocco,50,
10.91097,43.73227,7008061,autovelox,70,
11.02727,43.73701,5007041,SS6 bidirezionale,50,
10.93449,43.74209,5009050,Bidirezionale,50,
10.88755,43.74874,5007042,SP3 cerreto guidi,50,
10.94296,43.75350,5007042,SP4 dir empoli,50,
10.90705,43.75667,7009033,bidirezionale,70,
11.05948,43.76099,5007041,SS6 brucianesi,50,
10.91730,43.76626,7008100,Autovelox Fisso,70,
11.08599,43.77821,5007042,signa1,50,
10.87146,43.78852,7008010,Traffipax La Stella,70,
11.02810,43.80548,5007050,SP4 Serra,50,
11.09074,43.80920,5007042,SS6 via vingone,50,
11.07282,43.81237,5007042,SS6 sant'angelo,50,
11.06684,43.83801,5007030,Via Roma,50,
11.02336,43.83817,5007042,SS6 via statale,50,
11.07422,43.87683,7007032,Viale Da Vinci1,70,
11.05904,43.87974,7007050,viale da vinci2,70,
11.06936,43.88842,7007050,PO viale dihn,70,
10.99520,43.89501,13007032,A1 dir Mare,130,
10.92687,43.91298,13007032,A1 dir Mare,130,
11.18192,43.74739,5007041,via roma scandicci,50,
11.12190,43.74830,9007032,Fipili 12,90,
11.15106,43.76671,5007070,Via Pisana,50,
11.16638,43.76685,8009030,Autobox Fisso,80,
11.19981,43.77260,5007041,viale etruria,50,
11.21020,43.77288,5009062,Direz Superstrada,50,
11.10064,43.78170,5007042,signa2,50,
11.20172,43.78246,5007041,via argingrosso,50,
11.18885,43.78396,4007030,Fisso P.Indiano2,40,
11.19769,43.79198,4007032,Fisso P.Indiano1,40,
11.16174,43.79338,5007041,via pistoiese,50,
11.14378,43.79343,5007022,san donnino,50,
11.10044,43.79433,5007041,SS32 signa,50,
11.12304,43.79811,5008103,San Mauro-Signa,50,
11.21360,43.79830,5007050,FI viale guidoni1,50,
11.13666,43.81206,7007031,circonvallazione sud campi,70,
11.18250,43.81303,10008022,peretola nord,100,
11.14283,43.81412,5007041,via palagetta campi,50,
11.14911,43.81654,3007042,SP campi bisenzio,30,
11.17428,43.81808,10008022,peretola sud,100,
11.19216,43.82246,5007042,via osmannoro Sesto F.,50,
11.19960,43.82349,5007042,via Pasolini Sesto F.,50,
11.20518,43.82680,5007040,Vle dei Mille,50,
11.14096,43.82713,5007041,via paolieri campi b,50,
11.13029,43.82902,5007041,SS32 campi bisenzio1,50,
11.14998,43.83033,5008123,Autobox Fisso - Vigili U.,50,
11.19042,43.83171,5007040,Viale Ariosto,50,
11.20837,43.83367,5007040,via I maggio,50,
11.18282,43.83625,5007040,V.le Togliatti,50,
11.13043,43.83810,5007041,SS32 campi bisenzio,50,
11.17316,43.85218,13007032,A dir sud,130,
11.10550,43.85521,13007032,A1 dir mare,130,
11.15824,43.86420,5007030,Strada militare per Barberino,50,
11.18846,43.89466,13007032,A Barberino,130,
11.18626,43.89645,5007040,SP carraia,50,
11.12119,43.91176,5007030,via bologna SS325,50,
11.20273,43.92058,5007040,SP Pontenuovo,50,
11.12519,43.94725,5007030,la Tignamica SS325,50,
11.21426,43.95891,5007040,SP cornocchio,50,
11.21745,43.73254,5007041,Via Volterrana Galluzzo,50,
11.23060,43.74727,5007041,via senese2,50,
11.23219,43.74796,5009062,Direz Firenze,50,
11.23971,43.75475,5007041,via senese1,50,
11.24097,43.76388,5007040,Viale Petrarca1,50,
11.24116,43.76352,5007041,viale petrarca2,50,
11.24457,43.75543,5009062,V.le Poggio Imperiale,50,
11.25705,43.75694,5007040,Viale Galileo,50,
11.25919,43.78345,5007041,viale lavagnini,50,
11.26657,43.77920,5009042,Autobox Fisso,50,
11.26841,43.73675,8008082,Autovelox Fisso,80,
11.26970,43.77576,5007040,Viale Gramsci,50,
11.27811,43.76256,5007040,Via Salutati,50,
11.28642,43.77400,5007040,Via Lungo L'Affrico,50,
11.29144,43.76303,5007032,Via Villamagna1,50,
11.29166,43.74802,7007033,via marco polo,70,
11.29351,43.76708,5007041,lungarno moro,50,
11.29775,43.75044,7007032,via marco polo1,70,
11.30025,43.77397,5007040,Via del Gignoro,50,
11.30543,43.73236,5007040,via dell'Antella,50,
11.31194,43.76495,5007032,Via dalla Chiesa1,50,
11.31284,43.74661,6007040,via ritortoli,60,
11.31587,43.75303,5007040,Via roma BagnoR,50,
11.32777,43.74853,5007073,via Roma BagnoR,50,
11.33403,43.76186,5007032,SP3 candeli2,50,
11.33468,43.76237,5007032,SP3 Candeli1,50,
11.33810,43.77011,5007033,SS6 girone,50,
11.33816,43.74593,5007041,via roma BagnoR,50,
11.34881,43.77154,5007041,SS6 anchetta,50,
11.35834,43.77158,5007032,SP3 vallina2,50,
11.35936,43.78000,5007040,SS6 compiobbi3,50,
11.36247,43.77381,5007032,SP3 vallina1,50,
11.42240,43.77280,5007032,viale hanoi2,50,
11.42387,43.77252,5007032,viale hanoi,50,
11.42544,43.77630,5007033,pontassieve via aretina,50,
11.42877,43.77089,9008102,ss67variante1,90,
11.43850,43.77007,9008102,ss67variante2,90,
11.44111,43.77124,4007032,Viale Diaz,40,
11.44418,43.74408,5007040,SP9 torri,50,
11.36570,43.78424,5007040,SS6 compiobbi1,50,
11.39919,43.78597,5007032,SS6 sieci1,50,
11.38576,43.79253,5007040,SS6 sieci3,50,
11.38631,43.79264,5007062,SS6 sieci4,50,
11.38943,43.79638,5007032,SP8 sieci2,50,
11.21496,43.79799,5007050,FI viale guidoni2,50,
11.28814,43.80258,5007032,SP5 Fiesole-Firenze,50,
11.21578,43.80494,5007040,Viale 1 Agosto,50,
11.30373,43.80835,3008040,SP5 fiesole,30,
11.22171,43.81887,5007040,Via Sestese,50,
11.22179,43.81893,5007041,via sestese2,50,
11.29570,43.82059,5007040,SS30 pian del mugnone,50,
11.30056,43.82540,5007040,SS30 pian del mugnone2,50,
11.28596,43.82548,5007040,SS6 trespiano,50,
11.28783,43.83208,5007040,SS6 pian di san bartolo2,50,
11.28859,43.83485,5007040,SS6 pian di san bartolo1,50,
11.31276,43.83487,5007040,SS30 caldine,50,
11.29088,43.84621,5007040,SS6 montorsoli,50,
11.29100,43.87216,5007040,SS6 Fontebuona,50,
11.21889,44.00621,110070321,A dir sud,110,
11.22295,44.01575,10007032,A dir sud,100,
11.23857,43.98909,6007032,Barberino2,60,
11.25489,43.98846,6007032,Barberino1,60,
11.33505,44.01631,5007041,SP3 s.agata,50,
11.34613,43.96199,6007032,SP 55 La torre,60,
11.34968,43.98856,5007041,scarperia2,50,
11.35092,43.88541,5007033,SS30 mulinaccio,50,
11.35651,43.99014,5007033,Scarperia1,50,
11.35686,43.89646,5007033,SS30 polcanto,50,
11.36612,43.95893,5007033,Borgo s.Lorenzo1,50,
11.37009,44.02569,3007050,SS50 Ponzalla,30,
11.39721,43.95027,5007032,Borgo S.Lorenzo2,50,
11.39933,43.95000,5007032,Borgo S.Lorenzo,50,
11.41631,43.93304,5007033,SP4 Sagginale,50,
11.42158,43.94339,6007032,SP 55 Mattagnano1,60,
11.42565,43.94329,6007033,SS55 mattagnano2,60,
11.43277,44.00600,5007041,SS30 ronta,50,
11.44800,43.93558,5007032,SS55 vicchio3,50,
11.45605,43.93411,5007032,SS55 vicchio2,50,
7.57687,45.05251,7008101,Traffipax Fisso,70,
7.57747,45.05262,7008101,Traffipax Fisso,70,
7.59718,45.07360,5007121,Traffipax dir Torino,50,
7.59760,45.07361,5007121,Traffipax dir Collegno,50,
7.68722,45.04806,5009012,SICVE bidirezionale,50,
8.04099,44.86579,5,Autovelox Fisso - Altri Enti,50,
8.05534,44.81141,7,Autovelox Fisso - Vigili U.,70,
8.06236,44.86017,5,Autobox Fisso - Vigili U.,50,
8.23110,44.11412,5007020,Borghetto Santo Spirito,50,
8.28329,44.15561,5008043,Autovelox Fisso Vigili U.,50,
8.30855,44.15756,5007091,Autovelox Fisso Vigili U.,50,
8.33278,44.33691,5007091,cabinetta grigia,50,
8.48850,45.07294,7007100,statale 3 direz.Alessandria,70,
8.53736,44.78266,7007100,Traffipax Fisso Vigili U.,70,
8.64080,44.98894,9007100,Traffipax Fisso Pol.Prov.,90,
8.65423,44.94218,7007102,autovelox,70,
8.68070,44.69230,7007100,due traffipax opposti,70,
8.73770,44.43571,8007040,Fisso A26m,80,
8.73777,44.42525,8,Autobox Fisso - Polstrada,80,
9.65963,44.27467,7008031,direz Sesta G.,70,
9.66083,44.27722,7008031,direz La Spezia,70,
9.56464,44.29991,5008092,autovelox,50,
9.56658,44.30530,5008092,autovelox,50,
9.59554,44.37786,5,Fisso Municipio,50,
9.04548,44.39292,8007050,A1 dir Genova,80,
8.94424,44.54997,10007100,dopo galleria,100,
8.95008,44.56779,10007100,Autovelox Fisso Polstrada,100,
8.86148,44.70943,5007100,due autovelox opposti,50,
8.85657,44.72475,5007102,autovelox,50,
8.85260,44.73187,5007100,Traffipax,50,
8.84896,44.75188,7007100,Traffipax,70,
8.80659,44.76230,9008020,Traffipax Fisso Vigili U,90,
8.80672,44.76231,9008020,Traffipax Fisso Vigili U,90,
8.80268,44.89252,7007102,traffipax,70,
8.80471,44.89264,7007102,SS1 Alessandria-Tortona,70,
8.82674,44.93388,7007100,Traffipax Fisso Pol.Prov.,70,
9.13391,45.06936,7009062,Traffipax Fisso,70,
9.13403,45.06937,7009062,Traffipax Fisso,70,
8.80153,45.08885,5,Traffipax Fisso Pol.Prov.ss21,50,
9.97230,44.06391,5009052,Bidirezionale,50,
9.98900,44.06969,7007032,SP21,70,
9.96443,44.07115,5008062,Autovelox Fisso Vigili U.,50,
10.09514,44.07440,5007021,Via Don Minzoni,50,
9.98213,44.07843,7007032,SP21,70,
9.96175,44.07903,5009071,Autovelox,50,
9.88595,44.12519,5008100,Autovelox Fisso,50,
9.93693,44.13506,5007021,dir.Nord,50,
9.93630,44.13531,5007021,dir.Sud,50,
9.93031,44.13940,5007021,dir.Nord,50,
9.92944,44.13972,5007021,dir.Sud,50,
9.91688,44.15872,5007021,dir.Sud,50,
9.88000,44.16250,5008092,Autovelox Fisso,50,
9.86285,44.16281,5007021,fisso dir nord,50,
9.85682,44.16980,5007021,fisso dir sud,50,
9.86439,44.18185,5007021,bidirezionale,50,
9.76773,44.19240,5007092,Autovelox Fisso,50,
9.85954,44.19366,5007022,bidirezionale,50,
9.76778,44.19639,5007030,direz La Spezia,50,
10.05429,44.20054,5007050,bidirezionale,50,
9.84245,44.20066,5008110,bidirezionale,50,
9.72631,44.22197,5008092,Autovelox fisso,50,
9.71801,44.22735,5008082,Autovelox Fisso,50,
9.96549,44.22825,5007021,SS6 bidirezionale,50,
9.94929,44.28460,5009052,Bidirezionale,50,
9.94878,44.28958,5007021,SS6 bidirezionale,50,
9.90747,44.34939,5008101,Bidirezionale,50,
9.89990,44.35995,5007021,SS6 Localita'Santa Giustina,50,
9.88210,44.36719,5007021,Via Groppomontone,50,
9.88344,44.39101,5008101,Fisso dir Spezia,50,
9.85770,44.84422,9,Autobox Fisso - Vigili U.,90,
9.85731,44.84437,9,Autobox Fisso - Vigili U.,90,
10.02398,44.84678,9007031,SP35 dir Fidenza,90,
10.04049,44.85578,9007031,SP35 dir Salsomaggiore,90,
9.90210,44.86970,9,Autobox Fisso - Vigili U.,90,
9.90264,44.86984,9,Autobox Fisso - Vigili U.,90,
9.87691,44.86996,9,Autobox Fisso - Vigili U.,90,
9.87289,44.95095,9008063,Autovelox dir PC,90,
9.87154,44.95155,9008063,Autovelox dir PR,90,
7.63035,45.09441,7007031,Sicve bidirezionale,70,
7.64395,45.11514,7007031,direz stadio,70,
7.60743,45.11546,5009032,Autobox Fisso,50,
8.85528,45.11667,7007030,SP193bis ingresso ferrera,70,
8.25492,45.11825,9,Traffipax Fisso Altri Enti,90,
7.64396,45.12015,7007031,spartitraffico dir Venaria,70,
7.64023,45.12468,5007081,traffipax,50,
7.63912,45.12550,5007081,Traffipax Fisso Vigili U.,50,
9.12174,45.27530,7,Red-and-Speed Fisso - Altri Enti,70,
7.89219,45.28788,5,Traffipax Fisso Vigili U.,50,
8.49570,45.31512,7007093,Autovelox fisso,70,
9.10937,45.40914,9007050,Tangenziale Ovest,90,
9.09654,45.41355,9007040,A5 Tang Ovest Buccinasco,90,
9.12597,45.42794,5007090,traffipax,50,
9.11880,45.43685,5007082,traffipax,50,
7.88751,45.45290,9008031,Traffipax Fisso,90,
9.12744,45.45883,5007121,Traffipax Fisso Vigili U,50,
9.12803,45.45921,5007093,Traffipax Fisso Vigili U,50,
9.07818,45.46897,90070401Tang Ovest Quinto Romano,90,
7.78812,45.59295,11008101,T-redspeed in parete dir TO,110,
7.78815,45.59322,11008101,T-redspeed in parete dir AO,110,
8.41854,45.79102,7008022,fisso dir sud,70,
8.41880,45.79090,7008022,fisso dir nord,70,
8.67668,45.79087,9007070,direzione besozzo,90,
8.67766,45.76322,9007081,Autovelox Fisso Comabbio,90,
8.67770,45.78922,90070811,direzione Vergiate,90,
8.67785,46.02192,6007071,SS34,60,
8.70651,45.97651,5,Autovelox Fisso Vigili U.,50,
8.71231,45.60271,11,autobox,110,
8.74882,45.64659,9009061,autobox fisso,90,
8.84200,45.72468,5009052,Autovelox Fisso,50,
8.91566,45.72070,5009052,Autobox Fisso,50,
8.93919,45.58839,5007120,Autovelox fisso dir Sud,50,
8.94847,45.58224,5007120,Autovelox Fisso dir N,50,
9.00768,45.57702,8008021,Autovelox,80,
9.05831,45.81575,10,Autobox Fisso Polstrada,100,
9.06628,45.50246,9007050,Tangenziale Ovest Cerchiate,90,
9.11101,45.66502,5,Traffipax Fisso - Vigili U.,50,
9.11936,45.47286,5007121,traffipax,50,
9.13669,45.15859,5007112,Autovelox,50,
9.69885,45.21651,5007112,autovelox,50,
9.23081,45.23763,5007091,Autovelox Fisso Altri Enti,50,
9.22316,45.38803,9007050,Tang.MI-direz.Laghi,90,
9.18274,45.38926,9007040,A50/E3 direzione Linate,90,
9.83452,45.43713,9,Autovelox Fisso Vigili U.,90,
9.18797,45.43747,5007121,Traffipax,50,
9.83262,45.44006,9,Autovelox Fisso Vigili U.,90,
9.68978,45.47969,7008111,Autobox Fisso,70,
9.69015,45.47984,7008111,Autobox Fisso,70,
9.14491,45.48557,7007092,Traffipax,70,
9.14471,45.48581,7007092,Traffipax,70,
9.15033,45.48913,7007092,Traffipax,70,
9.15021,45.48946,7007092,Traffipax,70,
9.15580,45.49270,7007092,Traffipax,70,
9.15549,45.49291,7007092,Traffipax,70,
9.25688,45.50298,9007093,autovelox fisso,90,
9.13963,45.51911,5008032,Via Amoretti dir.periferia,50,
9.14179,45.51942,5008012,traffipax dir.centro,50,
9.15649,45.52210,5007071,traffipax,50,
9.15675,45.52223,5007071,traffipax,50,
9.46944,45.52741,5,Autovelox Fisso Pol.Prov.,50,
9.26237,45.53535,9008032,A5 Tang Nord S.Maurizio,90,
9.30337,45.53833,9007093,autovelox fisso,90,
9.30631,45.53833,9007093,autovelox fisso,90,
9.23017,45.54712,7007071,Autovelox Fisso,70,
9.23090,45.54767,7007071,Autovelox Fisso,70,
9.53150,45.58055,4008051,Autovelox Fisso,40,
9.35377,45.58918,9007040,A5 dir sud,90,
9.35597,45.59047,9007040,A5 dir nord,90,
9.36301,45.63265,9007093,autovelox fisso,90,
9.80485,45.64393,13007030,A direzione BS,130,
9.96255,45.65708,5,Autobox Fisso - Vigili U.,50,
9.77092,45.68019,9007083,due autovelox opposti,90,
9.15279,45.95673,5009041,Autobox Fisso compatto,50,
9.18091,45.96767,5009041,Autobox Fisso compatto,50,
9.19583,45.97356,5009041,Autobox Fisso compatto,50,
9.20806,45.98138,5009041,Autobox Fisso compatto,50,
9.43173,46.16603,5,Box Speed Check,50,
10.09891,44.08161,5007021,Viale Potrignano,50,
10.12519,44.23674,5007050,bidirezionale,50,
10.17057,44.24797,5,Autobox Fisso - Vigili U.,50,
10.61207,44.73306,13007021,A Dir Sud Area Sosta Crostolo,130,
10.68197,44.47941,7009050,Red-and-Speed Fisso,70,
10.68440,44.48113,7009050,Red-and-Speed Fisso,70,
10.75805,44.60302,5009051,Red-and-Speed Fisso,50,
10.77671,44.60714,7009051,Red-and-Speed Fisso,70,
10.82114,44.67562,13007021,A Dir Sud,130,
10.84734,44.54273,7007093,Traffipax Fisso dir Sassuolo,70,
10.85325,44.67952,5007021,Via Del Lavoro Dir A22,50,
10.85521,44.49669,5009061,Autobox Fisso,50,
10.85824,44.51886,5009061,Autobox Fisso,50,
10.87920,44.51213,6008021,Traffipax Fisso dir MO,60,
10.92394,44.59515,5008121,Autovelox Fisso,50,
10.95290,44.70424,9008102,Autobox Fisso dir MO,90,
11.08414,44.44222,5008101,Autovelox Fisso - Vigili U.,50,
11.10283,44.46688,5008052,Autovelox Fisso,50,
11.11230,44.66398,7009071,Traffipax Fisso bidirezionale,70,
11.21660,44.05366,10007032,A dir sud,100,
11.20851,44.06152,10007032,A dir sud,100,
11.20831,44.06839,10007050,A dir Sud,100,
11.20944,44.13874,10007031,dir nord,100,
11.20948,44.14743,10007032,A dir nord,100,
11.21154,44.18024,13007041,dir nord,130,
11.20411,44.20474,13007041,dir nord,130,
11.20142,44.20769,13007050,A dir Sud,130,
11.19459,44.22286,13007041,dir nord,130,
11.19349,44.23044,11008111,Autobox Fisso Polstrada,110,
11.19596,44.26084,13007041,dir nord,130,
11.14560,44.51040,7007091,traffipax bidirezionale,70,
11.18698,44.51253,13007030,A dir nord,130,
11.19158,44.57025,5008022,autovelox dir Nord,50,
11.21683,44.60049,6007050,Persicetana dir.Persiceto,60,
11.21570,44.60180,6007030,direzione Bologna,60,
11.18426,44.61981,7007030,dir.Persiceto,70,
11.19960,44.62272,7007030,Direz.San Giovanni,70,
11.16767,44.64650,7007071,fisso,70,
11.17992,44.65445,7007030,Bidirezionale,70,
11.23068,44.04602,10007032,A dir sud,100,
11.26091,44.05131,5007041,SS6 montecarelli,50,
11.21829,44.07418,10007050,A dir Sud,100,
11.23059,44.08047,13007041,dir nord,130,
11.22953,44.08380,13007050,A dir Sud,130,
11.28360,44.10931,5008021,autovelox fisso,50,
11.28493,44.11132,5008021,autovelox fisso,50,
11.38262,44.11812,5008021,Autovelox Fisso,50,
11.43585,44.12252,5008021,autovelox fisso,50,
11.22360,44.12953,13007041,dir nord,130,
11.33417,44.16479,5008021,autovelox fisso,50,
11.39900,44.30758,9008120,Traffipax Fisso  bidirezionale,90,
11.25467,44.32257,13008111,Autovelox Fisso,130,
11.21860,44.47612,7007092,Traffipax Fisso bidirezionale,70,
11.26205,44.49185,9007091,traffipax dir BO,90,
11.24894,44.49189,9007102,traffipax dir ovest,90,
11.43777,44.53919,7007042,S.Donato dir.Granarolo,70,
11.44005,44.54108,7007042,S.Donato dir.Bologna,70,
11.24385,44.56532,9007102,traffipax dir S.Giovanni,90,
11.45660,44.56676,7007032,dir Minerbio,70,
11.23888,44.57178,7007102,traffipax dir BO,70,
11.44320,44.57273,7007071,trasversale di pianura 2,70,
11.43889,44.57410,7007071,trasversale di pianura 1,70,
11.36972,44.59917,5007030,fisso dir di bologna,50,
11.36965,44.60232,7009071,Traffipax Fisso bidirezionale,70,
11.40334,44.60574,7009071,Traffipax Fisso bidirezionale,70,
11.27296,44.60874,6008073,Autovelox Fisso,60,
11.28908,44.61225,7007071,trasversale di pianura,70,
11.26328,44.61634,7007071,Sala Bolognese,70,
11.41860,44.62102,13007033,A1 dir sud,130,
11.27565,44.62121,6008073,Autovelox Fisso,60,
11.31316,44.66166,7007071,SP 42,70,
11.31077,44.66352,7007071,SP 42,70,
11.24535,44.71480,6007071,SP66,60,
11.25008,44.71898,6007040,SP6 dir Ovest,60,
11.43754,44.73301,7007111,Traffipax Fisso dir Nord,70,
11.36490,44.78527,7007122,Autovelox dir MO,70,
11.36932,44.78916,7007122,Autovelox dir nord,70,
11.44070,44.81384,7007091,autovelox dir est,70,
10.13163,45.33773,ND Autovelox,-1
10.24396,44.81860,9008072,Autovelox Fisso,90,
10.34460,44.86114,9009041,Autobox Fisso,90,
10.37228,45.15076,5007110,autovelox,50,
10.40082,44.81837,13007021,A corsia sud,130,
10.51885,45.16267,7008072,Autovelox Fisso,70,
10.55776,45.36262,7008021,autovelox fisso,70,
10.56231,45.36114,7008021,Autovelox Fisso,70,
10.56644,45.32622,7008072,Autovelox Fisso,70,
10.58687,44.93178,7007021,fisso,70,
10.59934,44.93103,7007021,fisso,70,
10.59980,45.31925,7009030,Autovelox Fisso,70,
10.60078,45.31157,7008051,Autovelox Fisso Vigili U.,70,
10.60382,45.13399,7007021,Ospidaletto 1,70,
10.60472,45.32028,7009030,Autovelox Fisso,70,
10.60515,45.08565,5007021,Campitello1,50,
10.61097,45.13707,7008072,Autovelox Fisso,70,
10.64411,45.06183,5007022,cesole 2,50,
10.65407,45.44407,5008040,Autovelox Fisso,50,
10.66185,45.44500,5008042,Autovelox Fisso,50,
10.67075,45.17876,5008062,Rivalta sul Mincio,50,
10.71705,45.13180,5008051,Autovelox Fisso Vigili U.,50,
10.72589,45.13552,7007102,Montanara direz.PR,70,
10.73592,45.38419,5009070,Red-and-Speed Fisso,50,
10.79210,45.19859,5008081,Autovelox Fisso,50,
10.79509,45.21203,5008081,Autovelox Fisso dir MN,50,
10.85017,45.39912,7007091,Sommacampagna circ.Europa,70,
10.97766,45.43661,5007030,Via Galliano usc.tunnel,50,
10.98991,45.43011,5007030,Via faccio ingr.tunnel,50,
11.29484,45.03631,7009020,Traffipax bidirezionale,70,
11.31082,45.02846,7008072,Autovelox Fisso,70,
11.36725,44.99275,7009070,Traffipax Fisso,70,
11.37490,45.36231,7009061,Autobox Fisso,70,
11.37493,45.36232,7009061,Autobox Fisso,70,
11.43716,44.87357,7007091,autovelox fisso dir est,70,
11.44063,44.81391,7007091,autovelox dir ovest,70,
11.44192,44.96025,7008030,autovelox,70,
11.44479,44.95655,7008030,autovelox,70,
11.45584,44.86804,7007091,autovelox fisso dir ovest,70,
10.11225,45.79922,7009011,due autobox uscita gallerie,70,
10.11888,45.53295,7007100,traffipax,70,
10.13760,45.54530,9009051,red and speed dietro PMV,90,
10.18662,45.67645,7007050,bidirezionale,70,
10.20124,45.64873,5008092,Traffipax Fisso,50,
10.20336,45.61534,7008092,Traffipax Fisso,70,
10.20849,45.56130,8008041,Traffipax Fisso,80,
10.22264,45.59985,7007082,traffipax,70,
10.40478,45.70897,5,Autobox Fisso - Vigili U.,50,
10.46867,45.47442,5007050,SS1 dir est,50,
10.49183,45.47067,5007050,SS1 dir ovest,50,
10.49396,45.64867,60Traffipax Fisso Pol.Prov.,60,
10.51684,45.50820,7007100,traffipax bidirezionale,70,
10.57610,46.63264,9,Traffipax Fisso - Vigili U,90,
10.82284,45.61858,5009042,Box speedcheck fisso,50,
10.83012,45.63075,7009040,Box Speed Check,70,
10.97309,45.73908,7008110,Autobox Fisso,70,
11.06233,46.09022,7008030,Traffipax Fisso Polstrada,70,
11.07185,46.08407,7008030,Traffipax Fisso Polstrada,70,
11.42446,45.56289,5008121,Autovelox Fisso,50,
11.44193,45.78414,9007022,SS34 il Costo salita,90,
11.43052,45.79497,9007022,SS 34 Il Costo salita,90,
11.43307,45.79507,9007022,SS 34 il Costo salita,90,
11.36193,45.81144,7007041,SP 35 dir Arsiero,70,
11.42801,45.81306,9007022,SS 34 Il Costo discesa,90,
11.43632,45.82846,9007022,SS 34 Il Costo salita,90,
11.23335,45.93328,9008110,Autobox Fisso,90,
11.15400,46.07756,9007102,dentro galleria dir TN,90,
11.12383,46.08960,9007102,dentro galleria dir PD,90,
11.44400,46.28000,7008041,Autovelox fisso uscita galleria,70,
11.39342,46.31201,5008041,Traffipax SS48,50,
11.26916,46.31783,7007060,SS 12,70,
11.27972,46.32028,5008041,Traffipax Fisso,50,
11.26036,46.51987,5007093,traffipax,50,
11.22849,46.55277,5007111,traffipax Via Merano,50,
11.18438,46.66083,5007093,traffipax,50,
11.11707,46.67683,5007103,traffipax dir est,50,
11.12936,46.67930,5008081,Traffipax dir est,50,
11.13044,46.67948,5007103,autovelox dir ovest,50,
13.55913,41.21608,5008121,Bidirezionale,50,
13.56709,41.22040,5007072,traffipax,50,
13.51194,41.22589,6009022,Traffipax bidirezionale,60,
13.45410,41.24910,6007071,SS21 autovelox,60,
13.44922,41.25304,6007071,SS21 autovelox,60,
13.43138,41.26456,7008102,Autobox Fisso,70,
13.41228,41.27853,6007071,SS21 autovelox,60,
13.37917,41.29983,5007040,Via Sant'Anastasia dir mare1,50,
13.36805,41.30043,7007040,Via Sant'Anastasia dir Fondi,70,
13.36046,41.30152,8007040,Via Sant'Anastasia dir mare,80,
13.38961,41.30437,7007040,Via Sant'Anastasia dir Fondi1,70,
13.09331,41.32034,9007091,SS14 dir NA,90,
13.20632,41.39541,9008121,Traffipax bidirezionale,90,
12.95456,41.42687,7007080,autovelox dir Roma,70,
12.93698,41.43319,7007080,autovelox dir Napoli,70,
12.97544,41.44678,6007080,autovelox dir Sezze,60,
12.99345,41.46012,6007030,SS156,60,
13.00846,41.46578,7009052,red and speed Fisso,70,
13.01550,41.47112,7009052,Red-and-Speed,70,
12.20128,41.91535,5009021,traffipax,50,
12.25601,41.78941,6009010,Traffipax Fisso,60,
12.26730,41.85109,13007112,Autovelox Fisso dir Nord,130,
12.26738,41.76234,6009070,due traffipax,60,
12.57314,41.81206,5009071,Autobox Fisso,50,
12.61206,41.84790,10008040,Autovelox dir Roma,100,
12.61466,41.60023,9007080,autovelox dir Napoli,90,
12.62432,41.59671,9007080,autovelox dir Roma,90,
12.68610,41.82796,13007032,E82 dir Roma,130,
12.70672,41.82794,13008040,Autovelox dir Roma,130,
12.80066,41.83166,13007050,direz Nord,130,
12.82516,41.80059,13007050,Direzione Milano,130,
12.83293,41.79654,13007050,A1/E4 direz Nord,130,
12.90480,41.77032,13007050,A1/E4 dir Sud,130,
13.01229,41.74871,13007050,A1/E4 dir Sud,130,
13.09860,41.73025,13007050,direz Sud,130,
13.21776,41.66622,13007050,direz Sud,130,
13.21866,41.66599,13007050,A1/E4 dir Nord,130,
13.50660,41.67585,9008112,Traffipax Fisso,90,
13.52420,41.55236,5009031,Autobox Fisso,50,
11.70351,42.34651,9,SP in ambo le direzioni,90,
11.87374,42.03769,5007121,Traffipax SS1,50,
11.89283,42.26743,5008061,Traffipax,50,
11.98524,42.02553,13007112,Autovelox Fisso dir Nord,130,
12.00666,42.56279,9008032,Traffipax,90,
12.01523,42.49140,7007100,SP bidirezionale,70,
12.03625,42.62787,7007100,Bidirezionale SS71,70,
12.05300,42.51419,8007100,SS bidirezionale,80,
12.09955,41.95502,7007121,Autovelox Fisso,70,
12.10100,41.94275,7007121,Autovelox Fisso,70,
12.11895,41.96330,13008073,Autovelox Fisso,130,
12.12673,42.13165,5,Autobox Fisso - Altri Enti,50,
12.12809,41.93588,8007052,Autovelox Fisso,80,
12.13623,41.93581,8007052,Autovelox Fisso,80,
12.19999,41.91622,5009021,traffipax,50,
12.20079,41.91542,5009021,traffipax,50,
12.22330,42.65509,13007050,A1/E3 dir Nord,130,
12.26184,42.59660,5,Autovelox Fisso Vigili U.,50,
12.44186,42.37700,5008111,Traffipax Fisso,50,
12.46996,42.36694,7007110,Autovelox Fisso,70,
12.47201,42.37563,7007100,SS Dir.Roma,70,
12.53070,42.02648,13007112,Autovelox Fisso dir Sud,130,
12.53953,42.59082,5007042,Traffipax SS3TER,50,
12.56886,42.09014,3443,dir Nord,130,
12.58782,42.23816,13007121,autovelox dir Sud,130,
12.65610,42.04389,13007050,direz Nord,130,
12.76049,41.94834,7007101,SP Maremmana dir autostrada,70,
12.76890,42.59261,6007032,SR209/SS20 Bidirezionale1,60,
12.77021,42.59566,6007032,SR209/SS20 Bidirezionale2,60,
12.79144,41.95382,5008071,Autovelox Fisso,50,
12.82106,41.95849,5007101,Via Tiburtina Valeria,50,
12.82778,42.21056,6008101,Autovelox Fisso - Vigili U.,60,
12.85352,42.39308,6007032,direzione Rieti,60,
12.85910,42.38977,5007092,SS Salaria dir Roma,50,
12.89170,42.41660,5008033,Autovelox Fisso,50,
12.90616,42.38338,5007041,direzione Aquila,50,
13.03275,41.97941,5009061,Traffipax bidirezionale,50,
13.05201,41.95704,5009061,Traffipax bidirezionale,50,
13.42941,42.00373,5009061,Autovelox Fisso,50,
11.46535,43.16809,5009062,Red and Speed,50,
11.54836,43.08321,5008102,Autovelox Smart,50,
11.76585,43.18516,6008092,Autovelox,60,
11.77213,43.17778,5008092,Autovelox Fisso,50,
11.77534,43.24546,13007050,direz Sud,130,
11.79236,43.18083,5008031,Autovelox Fisso Vigili U.,50,
11.86544,43.13450,13007050,direz Sud,130,
11.91863,42.67410,9007110,Traffipax dir Nord,90,
12.04729,42.79204,13007050,direz Sud,130,
12.13521,42.72294,13007050,A Dir.Sud,130,
12.18258,43.00902,50081024,speedcheck,50,
12.18414,43.00935,50081024,speedcheck,50,
12.18609,43.00979,50081024,speedcheck,50,
12.18777,43.01016,50081024,speedcheck,50,
12.18947,43.01112,50081024,speedcheck,50,
12.19304,43.01509,50081024,speedcheck,50,
12.19552,43.01702,50081024,speedcheck,50,
12.19701,42.69866,13007050,A1/E3 dir Nord,130,
12.19758,43.01857,50081024,speedcheck,50,
12.21751,42.66662,13007050,A Dir Sud,130,
12.36514,43.03460,5009053,Box Speed Check Fisso,50,
12.36930,43.03729,5009053,Box Speed Check Fisso,50,
12.37200,43.03857,5009053,Box Speed Check Fisso,50,
12.42671,43.18013,5009060,Box Speed Check,50,
12.42698,43.18337,5009060,Box Speed Check,50,
12.42738,43.19025,5009060,Box Speed Check fisso,50,
12.43889,43.02000,5007100,Strada Torgiano-Pontenuovo,50,
12.43953,42.76353,5009010,Box Speed check,50,
12.45605,43.03697,7007100,Traffipax,70,
12.83835,42.74174,5008121,Autobox Fisso,50,
12.97326,43.18161,5009011,Box Speed Check,50,
12.97758,43.17988,5,Box Speed Check Fisso - Vigili U.,50,
12.98127,43.17959,5009011,Box Speed Check,50,
12.98324,43.17948,5009011,Box Speed Check,50,
12.98584,43.17495,5009011,Box Speed Check,50,
13.05650,43.20554,5008030,Box Speed Check,50,
13.05700,43.20645,5008121,Box Speed Check,50,
13.05736,43.20719,5009021,Speed Check Box,50,
13.21503,43.24000,7009071,Box Speed Check Fisso,70,
13.38787,42.76316,5008092,Autovelox Fisso,50,
13.27478,43.05113,5009020,Box Speed Check,50,
13.27275,43.05264,5009020,Box Speed Check,50,
13.27233,43.05378,5009020,Box Speed Check,50,
13.27318,43.05450,5009020,Box Speed Check,50,
13.47111,43.12778,5,Box Speed Check - Pol.Prov.,50,
13.37951,43.13808,5,Box Speed Check Fisso - Vigili U.,50,
13.37903,43.14178,5,Box Speed Check Fisso - Vigili U.,50,
13.47465,43.14361,5,Box Speed Check - Pol.Prov.,50,
13.37811,43.14479,5009020,Box Speed Check,50,
13.23810,43.15996,5009020,Box Speed Check,50,
13.24023,43.16171,5009020,Box Speed Check,50,
13.24218,43.16333,5009020,Box Speed Check,50,
13.24233,43.16488,5009020,Box Speed Check,50,
13.35890,43.16495,5,Box Speed Check,50,
13.24264,43.16574,5009020,Box Speed Check,50,
13.37488,43.16648,5009020,Box Speed Check,50,
13.24325,43.16665,5009020,Box Speed Check,50,
13.24365,43.16697,5009020,Box Speed Check,50,
13.21839,43.24115,7009071,Box Speed Check Fisso,70,
13.22192,43.24300,5009071,Box Speed Check Fisso,50,
13.24846,43.17079,5009053,Box Speed Check,50,
13.25183,43.17661,5009053,Box Speed Check,50,
13.36122,43.16697,5,Box Speed Check,50,
13.37103,43.24085,5009020,Box Speed Check,50,
13.37262,43.24150,5009020,Box Speed Check,50,
13.37620,43.17565,5009020,Box Speed Check,50,
13.39123,43.20882,5009020,Box Speed Check,50,
13.47505,43.18336,5,Box Speed Check,50,
13.47894,43.18492,5,Box Speed Check,50,
13.48411,43.18694,5,Box Speed Check,50,
13.48911,43.18771,5,Box Speed Check,50,
13.50321,43.23665,5007121,Box Speed Check,50,
13.50326,43.23967,5007121,Box Speed Check,50,
13.50381,43.19147,5,Box Speed Check,50,
13.50768,43.24559,5,Box Speed Check,50,
13.51702,43.21174,5,Box Speed Check,50,
13.56820,43.23138,6008103,Box Speed Check,60,
13.57049,43.23143,6008103,Box Speed Check,60,
14.49940,40.74310,11007041,A Sa-Na Nord,110,
14.20911,40.83733,6007061,autovelox fisso,60,
14.21222,40.83889,6007061,dir. Agnano,60,
14.31879,40.88068,10007031,A sud Napoli,100,
14.31859,40.89604,10007030,A nord,100,
14.32035,40.90914,10007031,A1/e4 dir Napoli,100,
14.17561,40.92189,5,Autovelox Fisso Altri Enti,50,
14.45074,40.93354,4,Autovelox Fisso Vigili U.,40,
14.32553,40.94084,10007030,A1/E45,100,
14.32738,40.96458,10007031,A dir nord,100,
14.51466,41.03470,7,Traffipax Fisso - Vigili U.,70,
14.32510,41.04830,7008122,Traffipax Fisso,70,
14.32565,41.05350,7008122,Traffipax Fisso,70,
13.93002,41.05628,5007080,traffipax,50,
14.04428,41.06566,7008070,traffipax,70,
14.41666,41.07207,6009012,Traffipax Fisso,60,
14.09461,41.08736,5008040,Traffipax Fisso,50,
14.13334,41.09172,5008040,Traffipax Fisso,50,
14.19891,41.09898,7008040,Traffipax Fisso,70,
13.57917,41.25178,5008110,autovelox,50,
13.58055,41.25195,5008110,autovelox,50,
13.58574,41.24923,5007072,traffipax,50,
13.74102,41.24873,5007080,traffipax,50,
13.76724,41.24618,9008011,traffipax dir NA,90,
13.87150,41.12150,5007080,Traffipax Fisso,50,
13.88591,41.11067,5007080,traffipax,50,
13.89182,41.10571,5007080,Traffipax,50,
14.03024,41.19863,5008071,Traffipax Fisso,50,
14.05217,41.18302,5007123,Traffipax,50,
14.10577,41.23676,8008022,Traffipax Fisso,80,
14.13245,41.17334,8008071,Traffipax Fisso,80,
14.18830,41.14080,7009060,Traffipax Fisso,70,
14.23998,41.13569,7,Traffipax Fisso - Vigili U.,70,
14.24117,41.13592,5009030,Traffipax Fisso,50,
14.26265,41.13278,5008060,Traffipax Fisso,50,
14.27805,41.14444,5009061,Traffipax Fisso,50,
14.31471,41.13604,7008092,Traffipax Fisso,70,
14.33126,41.15926,7009061,Traffipax Fisso,70,
14.46346,41.16401,8008102,Autovelox Fisso,80,
15.06686,37.02761,5008052,Traffipax Fisso,50,
15.20094,37.77759,5008053,V.Marconi Fiumefreddo CT Bidir,50,
15.20242,37.78410,5008053,V.Marconi Fiumefreddo CT Bidir,50,
15.20331,37.80135,5008053,SS Etna e Madonie bidir,50,
15.22935,37.80887,5007032,SS11 dir Messina,50,
15.25766,37.82033,5007032,SS11 dir Messina,50,
15.25455,37.82074,5007032,SS11 Via Cons.Valeria,50,
15.24999,37.83076,5007032,SS18 dir Etna,50,
15.24604,37.83315,5007032,SS18 dir mare,50,
15.23976,37.83715,5007021,fisso SS185,50,
15.30495,37.88023,5007021,SP1 Letojanni,50,
15.30824,37.88275,5007021,Letojanni bidirezionale,50,
15.51799,38.12469,5008021,SS114,50,
15.55645,38.19015,5007021,Via Garibaldi,50,
15.21827,38.19254,5007021,SP75D,50,
15.22476,38.20135,5007021,SP75D,50,
15.23718,38.21220,5007021,Milazzo asse viario dir nord,50,
15.57230,38.23446,5008030,SP 4 Villaggio Pace ME,50,
15.24011,38.23577,5007021,Via tono,50,
14.52060,40.74450,8007041,A Sa-Na Nord c/o Angri,80,
14.68707,40.91007,8008121,Autobox Polstrada,80,
14.97880,40.65227,5007092,fisso,50,
15.80286,39.99002,8009010,Autobox Fisso,80,
16.20616,40.08904,9008121,Autovelox Fisso,90,
16.27283,39.83235,5008073,Traffipax Fisso,50,
16.30740,40.13530,9008121,Autovelox Fisso,90,
16.50897,40.21496,9008121,Autovelox Fisso,90,
16.56155,38.41844,7,Traffipax Fisso Polstrada,70,
16.63060,40.13371,5008121,Traffipax Fisso,50,
16.63079,40.13468,5008121,Traffipax Fisso,50,
16.69981,41.13721,13009041,Autovelox dir Sud,130,
16.83285,40.96177,13009041,Autovelox dir Nord,130,
16.83857,41.01725,13009041,Autovelox dir Sud,130,
17.04836,39.44114,8008032,Autovelox dir Nord,80,
17.10303,39.24447,5009060,Traffipax Fisso,50,
17.10815,39.31347,5008032,Autovelox dir Sud,50,
17.11613,39.37153,7008032,Autovelox Fisso,70,
18.30273,40.20635,5,Box Speed Check Fisso,50,
18.30651,40.20777,5,Box Speed Check Fisso,50,
13.70321,41.25770,5007080,traffipax,50,
13.73235,41.25868,9007112,Traffipax Fisso,90,
13.70451,41.26008,9007112,Traffipax Fisso,90,
13.62928,41.26560,5007072,traffipax,50,
13.67256,41.26841,5007073,traffipax,50,
13.71318,41.27927,9007040,Traffipax,90,
13.72121,41.28455,9007040,autovelox,90,
13.72290,41.28584,9007040,autovelox,90,
13.74569,41.35781,6008101,Autovelox Fisso dir Formia,60,
13.71117,41.50559,5009031,Red e Speed,50,
13.69613,41.51265,5009031,Red e Speed,50,
13.66970,41.52560,6009030,bidirezionale traffiphot III,60,
13.60344,42.48159,8008102,Autobox Fisso in galleria,80,
13.74047,43.14058,9008112,Box Speed Check,90,
13.61919,43.14658,5008101,Box Speed check,50,
13.63394,43.15842,5008101,Box Speed Check,50,
13.65016,43.18197,9008102,Box Speed Check,90,
13.57245,43.18403,5009011,Box Speed Check,50,
13.64794,43.18532,9008102,Box Speed Check,90,
13.57211,43.23173,6008103,Box Speed Check,60,
13.57403,43.23217,6008103,Box Speed Check,60,
13.57430,43.18608,5009011,Box Speed Check,50,
13.57545,43.18713,5009011,Box Speed Check,50,
13.57592,43.23293,6008103,Box Speed Check,60,
13.57594,43.18796,5009011,Box Speed Check,50,
13.57736,43.23401,6008103,Box Speed Check,60,
13.64561,43.20199,9008102,Box Speed Check,90,
13.64657,43.20494,9008102,Box Speed Check,90,
13.67029,43.24595,9008102,Box Speed Check,90,
13.67814,43.21769,5,Box Speed Check Fisso - Altri Enti,50,
13.68183,43.22271,5,Box Speed Check - Vigili U.,50,
13.68240,43.24748,5009030,Box Speed Check,50,
13.69420,43.22490,5,Box Speed Check - Vigili U.,50,
13.71880,43.21044,5009052,Box Speed Check,50,
13.72040,43.21180,5009052,Box Speed Check,50,
13.72515,43.21520,5009052,Box Speed Check,50,
13.73040,43.21930,5009052,Box Speed Check,50,
13.73657,43.22906,5009052,Box Speed Check,50,
13.73940,43.23074,5009052,Box Speed Check,50,
13.74609,41.35567,6008101,Autovelox Fisso dir Cassino,60,
13.78276,42.74147,6,Autobox Fisso - Altri Enti,60,
13.78385,41.62108,7008121,Fisso bidirezionale,70,
13.78892,41.44317,9009012,Traffipax Fisso,90,
13.81443,42.62668,7009030,Traffipax Fisso,70,
13.81588,41.47092,7009012,Autobox Fisso,70,
13.81756,41.58437,7008121,Traffipax Fisso,70,
13.82282,41.57893,7008121,Traffipax Fisso,70,
13.84407,41.51875,7009021,Autobox Fisso,70,
13.85567,43.03596,5,Box Speed Check Fisso - Vigili U.,50,
13.85848,43.02561,5,Box Speed Check - Altri Enti,50,
13.85926,43.02345,5,Autobox Fisso - Altri Enti,50,
13.86078,43.02089,5,Box Speed Check - Vigili U.,50,
13.86145,43.01950,5,Box Speed Check Fisso - Vigili U.,50,
13.87703,42.64199,5,Box Speed Check Fisso - Vigili U.,50,
13.88850,41.41845,5007073,autovelox Via Vandra Est,50,
13.88879,41.41400,5007073,autovelox SS430,50,
13.88972,41.42170,50070731,Traffipax via Vandra Est,50,
13.94308,41.44285,7007040,SS via casilina sud,70,
14.04015,41.36002,5007052,SS Casilina,50,
14.08244,41.42068,5009051,Autobox Fisso,50,
14.16284,42.45535,7,Autobox Fisso - Vigili U.,70,
14.16667,42.43726,5,Autovelox Fisso - Vigili U.,50,
14.17642,42.44506,5,Autovelox Fisso - Vigili U.,50,
14.18119,41.31951,8008051,Traffipax Fisso,80,
14.18366,41.40864,5008072,Traffipax Fisso,50,
14.19317,41.43330,5008102,Traffipax Fisso bidirezionale,50,
14.20975,41.57242,8008061,Autovelox dir Venafro,80,
14.31023,41.28072,7008070,traffipax,70,
14.32822,41.25634,7,Traffipax Fisso - Altri Enti,70,
14.67724,41.35059,8009050,Autobox Fisso,80,
14.68858,41.32760,8009050,Autobox Fisso,80,
14.74370,41.25320,8008041,Autovelox Fisso,80,
14.74373,41.25343,8008041,Autovelox Fisso,80,
15.15705,41.92047,5009010,Autobox Fisso compatto,50,
15.16256,41.91953,5009010,Autobox Fisso compatto,50,
15.86285,41.27789,7008081,Autovelox ss 1 dir FG,70,
16.12783,41.38580,5008090,Autovelox sp 141,50,
16.17954,41.35339,9008090,Autovelox sp 159,90,
11.46245,43.53313,5007032,dir Castelnuovo,50,
11.50018,43.55654,5007021,Vacchereccia dir.S.Giovanni,50,
11.55667,43.53519,50070211,via burzagli dir montevarchi,50,
11.55892,43.52676,5007082,autovelox,50,
11.55917,43.52741,5007082,autovelox,50,
11.56360,43.50813,5009040,Autovelox Fisso Vigili U.,50,
11.56476,43.54864,5008051,SP1 Poggilupi dir.S.Giovanni,50,
11.56492,43.51773,5009040,Montevarchi loc.Pestello,50,
11.56946,43.54675,5008051,SP1 Poggilupi dir.Terranuova,50,
11.57618,43.51969,5007021,Montevarchi dir centro,50,
11.58056,43.54834,5008051,SP5 Terranuova Viale Europa,50,
11.58107,43.54823,5008051,SP5 Terranuova Vle Europa,50,
11.59371,43.55455,5008051,SP5 Terranuova Via V.Veneto,50,
11.59372,43.51290,5007021,dir Montevarchi,50,
11.62158,43.50617,50070211,dir Levane,50,
11.71292,43.50604,5007021,dir Castiglion.Fib.,50,
11.74305,43.46993,13007050,direz Nord,130,
11.75642,43.38911,13009040,Autobox Fisso,130,
11.75643,43.48314,5007101,Autovelox,50,
11.82614,43.27820,7008112,Autovelox Fisso,70,
11.82319,43.30118,7008112,Autovelox Fisso,70,
11.81099,43.33180,7008120,Autovelox Fisso,70,
11.76286,43.33227,13007032,A dir Firenze,130,
11.80568,43.38562,7008122,Autovelox Fisso,70,
11.85818,43.38730,5008113,Autovelox Fisso,50,
11.80298,43.44963,6009052,Autobox Fisso,60,
11.86340,43.45552,7007101,Autovelox,70,
11.86260,43.45648,7007101,Autovelox,70,
11.86513,43.46616,5007091,Autovelox Fisso Vigili U,50,
11.83612,43.47574,5007081,Autovelox Fisso,50,
11.87810,43.47700,5007101,Autovelox Fisso,50,
11.80364,43.47708,5008082,Autovelox Fisso,50,
11.82109,43.47850,5008082,Autovelox Fisso,50,
11.83058,43.49674,5009040,Autovelox Fisso,50,
11.87335,43.49917,5007100,fisso,50,
11.88828,43.51130,5009040,Autovelox Fisso,50,
11.76551,43.52413,5007021,Castiglion Fibocchi dir.Valdarno,50,
11.92720,43.54804,5009040,Traffipax Fisso,50,
11.86586,43.56547,5009040,Traffipax Fisso,50,
11.45938,43.61864,5007051,Aiaccia,50,
11.46522,43.62076,5007051,figline v.no 1,50,
11.46644,43.62453,5007032,dir SanGiovanni,50,
11.47731,43.61962,5009040,Autobox Fisso,50,
11.48292,43.56901,5009040,via montetermini,50,
11.48446,43.81944,5007033,SS6 rufina,50,
11.48506,43.62270,5007121,SP12 Matassino dir.Figline,50,
11.48947,43.60266,5007121,SS6 Ripalta dir.Figline,50,
11.49362,43.57359,5007021,San Cipriano dir.S.Barbara,50,
11.50123,43.78440,4007041,SS7 diacceto1,40,
11.50412,43.58668,5,Autobox Fisso - Vigili U.,50,
11.50463,43.78475,4007041,SS7 diacceto2,40,
11.51084,43.78702,5007041,SS7 diacceto3,50,
11.51975,43.58146,5007121,SS6 Porcellino dir.Figline,50,
11.53047,43.86551,5008022,SS6 contea,50,
11.53338,43.62495,5008082,SP direzione Faella,50,
11.53471,43.57988,5007121,SP S.Giovanni V.no Santa Maria,50,
11.53843,43.61289,7007121,SP Castelfranco S.Fabbriche,70,
11.54073,43.79526,5007041,SS7 borselli,50,
11.54199,43.60266,5007121,SP Castelfranco di Sopra Bowling,50,
11.54224,43.60851,5007121,SP Castelfranco S.Botriolo,50,
11.61123,43.56781,5007021,Penna dir Loro,50,
11.61377,43.56936,5007021,Penna dir Terranuova,50,
11.72101,43.79053,5,Traffipax Fisso Altri Enti,50,
11.72248,43.78376,5,Traffipax Fisso - Vigili U.,50,
11.74625,43.74332,5007041,SP 31 porrena,50,
11.76353,43.73267,5,Traffipax Fisso Vigili U.,50,
11.78594,43.59932,5,Autovelox Fisso - Vigili U.,50,
11.81085,43.72705,5007082,Soci AR SR 71,50,
11.81435,43.69124,5007082,Bibbiena via nave,50,
11.81540,43.61997,5008021,SP 5 Salutio,50,
11.81661,43.69874,5007082,autovelox entrambi i sensi,50,
11.82958,43.68166,5007082,SS 7 Corsalone,50,
11.83130,43.64879,5009032,Bidirezionale,50,
11.83371,43.67413,5007082,SS 71,50,
11.83527,43.64392,5009032,Bidirezionale,50,
11.83665,43.65335,5007082,SR71,50,
11.87124,43.57275,5008112,Traffipax Fisso - Vigili U.,50,
11.88020,43.79353,5009041,Bidirezionale,50,
11.52538,43.88784,5009010,Direz Firenze,50,
11.51807,43.89638,5008010,dicomano SP551,50,
11.51387,43.90007,5008071,ss55 dir dicomano,50,
11.57618,43.92399,5009012,San Bavello,50,
11.47435,43.93424,5007032,Vicchio1,50,
11.59940,44.06507,5008060,SR302,50,
11.61968,44.08092,5008060,SR302,50,
11.55048,44.11526,5008060,Bidirezionale,50,
11.77885,44.32786,5007100,Autovelox Fisso Vigili U.,50,
11.76178,44.41101,9007101,traffipax dir Nord,90,
11.76526,44.41587,90070915,Traffipax dir Imola,90,
11.60162,44.42749,13007030,A1 dir sud,130,
11.68333,44.42921,5008032,Autovelox dir Ovest,50,
11.67843,44.43014,5008032,autovelox dir Est,50,
11.90479,44.44519,7008113,Autobox Fisso,70,
11.49606,44.46971,7007031,direz Bologna,70,
11.48737,44.47153,7007031,direz Mare,70,
11.65008,44.48540,9007091,Traffipax dir Bologna,90,
11.63591,44.49084,9007091,Traffipax dir ravenna,90,
11.60247,44.49135,7007092,Traffipax Fisso dir BO,70,
11.59507,44.49339,9007091,traffipax dir ravenna,90,
11.48830,44.50106,7007042,S.Vitale dir.Bologna,70,
11.47315,44.50323,7007042,S.Vitale dir.Ravenna,70,
11.45769,44.56853,7007032,dir Bologna,70,
11.49279,44.67662,7008073,Autovelox Fisso,70,
11.49505,44.67898,7008073,Autovelox Fisso,70,
11.94169,44.82043,7007101,autovelox,70,
11.95504,44.82226,7007101,Autovelox Fisso Altri Enti,70,
11.56803,44.85276,13007033,A1 dir nord,130,
11.45754,44.86770,7007091,autovelox fisso dir est,70,
11.77290,44.88022,5007101,autovelox,50,
11.77582,44.88148,5007101,autovelox,50,
11.62154,44.89327,7008050,Traffipax Fisso,70,
11.57513,44.92633,7008050,Traffipax Fisso,70,
11.60511,44.93096,13008050,Autovelox Fisso,130,
11.95184,44.99056,7008071,Traffipax,70,
11.71100,45.04259,13007033,A1 dir Nord,130,
11.79690,45.05246,7009011,Traffipax Fisso,70,
11.79672,45.05264,7009011,Traffipax Fisso,70,
11.49202,45.06092,7009022,Traffipax Fisso,70,
11.58197,45.06127,7007030,Velox fisso,70,
11.92761,45.06393,7008022,Traffipax bidirezionale,70,
11.83634,45.07589,7007022,bidirezionale,70,
11.63245,45.07713,7007022,dir lendinara,70,
11.75927,45.07860,7007022,entrambe direzioni,70,
11.58204,45.08854,7008051,Strada statale Rodigina,70,
11.87150,45.11769,7009050,Autovelox Fisso,70,
11.95513,45.13080,7007111,Due Autovelox Simmetrici,70,
11.60963,45.26358,5,Autobox Fisso - Vigili U.,50,
11.56377,45.26426,5008051,Autovelox Fisso,50,
11.82571,45.31515,13007033,A1 Area Serv di sud,130,
11.57263,45.38654,5,Autobox Fisso - Vigili U.,50,
11.58027,45.40163,9007041,SS 24 dir Noventa,90,
11.52150,45.41878,7007071,SP1 dir.Zovencedo,70,
11.89495,45.46832,7009060,Autobox Fisso,70,
11.49708,45.47133,5007042,SP 1 dir Vicenza,50,
11.90005,45.48177,7009060,Autobox Fisso,70,
11.71005,45.50077,7007042,SP 2 dir Grisignano,70,
11.54604,45.51712,7007042,SP 1 dir Arcugnano,70,
11.95034,45.55621,9009060,Autobox Fisso,90,
11.95704,45.58463,7009060,Autobox Fisso,70,
11.69808,45.61534,9009070,Autobox Fisso - Vigili U.,90,
11.78714,45.62963,7007050,Traffipax dir Padova,70,
11.79131,45.63005,3007100,Traffipax Fisso Vigili U.,30,
11.78612,45.63010,7007050,Traffipax dir Bassano,70,
11.79064,45.63106,3007100,Traffipax Fisso Vigili U.,30,
11.80618,45.65239,5,Traffipax Fisso - Vigili U.,50,
11.61957,45.66163,9007040,SP 24 dir Marostica,90,
11.79013,45.66784,5009011,Traffipax Fisso,50,
11.63623,45.66941,9007040,SP 24 dir Vicenza,90,
11.77623,45.67310,5007100,Traffipax Fisso Altri Enti,50,
11.77630,45.67339,5007100,Traffipax Fisso Vigili U.,50,
11.77194,45.68982,5,Traffipax Fisso - Altri Enti,50,
11.53764,45.69323,7007022,SP11 Sarcedo,70,
11.57965,45.69735,7007022,SP11 Breganze,70,
11.62014,45.70875,7007071,SP11 dir Marostica,70,
11.49714,45.71126,5009021,Autobox Fisso,50,
11.78829,45.77953,5008051,Autovelox Fisso,50,
12.07090,43.48186,5007082,fisso,50,
12.07643,43.48431,5007082,Monterchi,50,
12.09189,43.48809,5007082,Monterchi statale loc.Pocaia,50,
12.11196,43.48825,5007082,Monterchi statale 221,50,
12.09389,43.53583,5007082,entrambi i sensi,50,
12.05879,43.54270,5007082,anghiari,50,
12.08229,43.55156,7007082,SP43,70,
12.03681,43.57476,ND, SP 47,-1
12.79663,43.68643,5008120,autobox smart,50,
12.13396,43.69191,5008060,Traffipax Viamaggio Ss258,50,
12.64520,43.69292,5009063,Autobox giallo,50,
12.18165,43.70960,5008060,Traffipax Badia Tedalda ss258,50,
12.19581,43.71730,5008060,Traffipax Sestino-Ss258,50,
12.20407,43.77711,5008060,Traffipax Vallunga-Ss258,50,
12.68218,43.82927,5009041,Autobox Giallo,50,
12.69221,43.83617,5009041,Autobox Giallo,50,
12.43341,43.84576,5008092,Autovelox Fisso,50,
12.47583,43.86133,5008092,autovelox fisso,50,
12.53350,43.89767,7008092,Autovelox Fisso,70,
12.79041,43.94887,5007081,box giallo dir Pesaro,50,
12.41031,43.97585,8008032,Autovelox Fisso,80,
12.45056,43.97667,5008020,box SP3 dir RSM,50,
12.43010,43.98090,5008082,Autovelox Fisso,50,
12.41266,43.98770,8007083,autovelox dir Sud,80,
12.41210,43.98800,5008020,box dir Ponte Verucchio,50,
12.56921,44.03585,13007032,A1 dir sud,130,
12.45331,44.09265,13007050,A 14,130,
12.46810,44.12889,11009022,Autobox Fisso,110,
12.46750,44.12997,11009022,Autobox Fisso,110,
12.08144,44.23446,5009050,Autobox Fisso,50,
12.08234,44.23602,5009050,Autobox Fisso,50,
12.06754,44.23968,5009050,Autobox Fisso,50,
12.16566,44.79461,5007111,autovelox dir Nord,50,
12.16560,44.79509,5007111,autovelox dir Sud,50,
12.22824,44.93385,7009040,Traffipax Fisso,70,
12.00029,44.98690,9007081,due box simmetrici,90,
12.09820,44.99664,9009020,Traffipax Fisso,90,
12.03820,45.18870,5009032,Box Speed Check,50,
12.02194,45.34102,5007102,Autovelox Fisso,50,
12.32868,45.35733,5008021,Autovelox Fisso,50,
12.33280,45.36218,5008021,Autovelox Fisso,50,
12.34477,45.38109,5008021,Autovelox Fisso,50,
12.02685,45.43963,5008030,autovelox,50,
12.31099,45.44676,7007121,ponte della libertÃ  da Ve,70,
12.03514,45.45182,5008030,autovelox,50,
12.02875,45.45300,5008030,autovelox,50,
12.29860,45.45390,9007121,ponte della libertÃ  da Ve,90,
12.29743,45.45429,9007121,ponte della libertÃ  dir VE,90,
12.28300,45.46247,9007121,ponte della libertÃ  dir VE,90,
12.01074,45.46296,5007102,autovelox,50,
12.04545,45.46978,7007102,autovelox,70,
12.17438,45.47504,5009061,Autobox Fisso,50,
12.28591,45.48489,5009011,Autobox Fisso,50,
12.32503,45.50254,5009011,Autobox Fisso,50,
12.15813,45.50355,3009061,Box Speed Check Fisso,30,
12.27278,45.55110,8007033,A2 dir sud,80,
12.27371,45.55965,9007033,A2 dir sud,90,
12.27492,45.56774,13007033,A2 dir Nord,130,
12.24379,45.60207,5009061,Autobox Fisso,50,
12.24050,45.66014,5007051,Vle Trento e Trieste,50,
12.25430,45.66370,5007051,V.le Tasso,50,
12.23521,45.66447,5007051,V.le Oberdan,50,
12.24370,45.66992,5007051,Via Cairoli,50,
12.30220,45.68130,13007033,A2 direz.nord,130,
12.35391,45.70401,5008071,Autovelox Fisso,50,
12.27301,45.71279,5008050,Autovelox Fisso,50,
12.39537,45.72850,5008071,Autovelox Fisso,50,
12.29016,45.72912,6008051,Autovelox Fisso,60,
12.21611,45.74455,5008051,Autovelox Fisso,50,
12.21761,45.77773,5,Autobox Fisso - Vigili U.,50,
12.34473,45.79759,5008091,Traffipax Fisso,50,
12.32917,45.85239,13007033,A2 Nord,130,
12.05266,45.85826,5008091,Autovelox Fisso,50,
12.27591,45.98329,11007033,A2 dir SUD,110,
12.27513,46.00350,8007033,A2 dir Nord,80,
12.14268,46.06689,5008031,Autovelox Fisso,50,
12.12498,46.07176,5008031,Autovelox Fisso,50,
12.32495,46.09970,9007033,A2 direz nord,90,
13.42792,43.25010,5007121,Box Speed Check,50,
13.41763,43.25016,5007121,Box Speed Check,50,
13.40341,43.25081,5009020,Box Speed Check,50,
13.35843,43.25794,5,Box Speed Check - Vigili U.,50,
13.49079,43.26424,5,Box Speed Check,50,
13.24847,43.26455,7009071,Box Speed Check Fisso,70,
13.25303,43.26520,7009071,Box Speed Check Fisso,70,
13.34978,43.26682,5,Box Speed Check - Vigili U.,50,
13.25991,43.26719,7009071,Box Speed Check Fisso,70,
13.26475,43.26842,7009071,Box Speed Check Fisso,70,
13.34852,43.26855,5,Box Speed Check,50,
13.36170,43.27740,5009021,Autobox Fisso,50,
13.33499,43.28252,5009011,Box Speed Check,50,
13.33600,43.28285,5009011,Box Speed Check,50,
13.36281,43.28554,5009021,Autobox Fisso,50,
13.47640,43.35461,5009011,Box Speed Check,50,
13.48330,43.35650,5,Box Speed Check Fisso - Polstrada,50,
13.46957,43.60781,7007032,direz Centro,70,
12.99340,43.65968,5009061,Box Speed Check Fisso,50,
12.99781,43.66117,5009061,Box Speed Check Fisso,50,
13.30966,43.66371,5009010,Autobox Fisso,50,
12.79804,43.68716,5008120,autobox smart,50,
12.81792,43.83084,5009030,Autobox giallo,50,
12.79909,43.87606,5007080,box giallo,50,
12.86639,43.88211,5009030,Autobox giallo,50,
12.93028,43.88778,5007081,box giallo dir Pesaro,50,
12.92245,43.89093,5008120,autobox giallo,50,
12.92297,43.89128,5008120,autobox giallo,50,
12.89621,43.89753,5007112,Autovelox Fisso,50,
12.93487,43.90139,5007081,box giallo dir Pesaro,50,
12.92980,43.90379,5007081,box giallo dir Ancona,50,
12.82748,43.90420,13009020,Autobox Fisso,130,
12.88485,43.90649,5007081,box giallo dir Ancona,50,
12.87742,43.91067,5007081,box giallo dir Rimini,50,
12.85921,43.91985,5007081,box giallo dir Pesaro,50,
12.79690,43.94770,5007081,box gialli dir Rimini,50,
13.19719,46.07080,13007021,fisso,130,
13.26235,46.39574,13007030,fisso,130,
13.37887,46.49871,13007030,fisso,130,
13.49244,43.26304,5,Box Speed Check - Altri Enti,50,
13.49752,43.25042,5,Box Speed Check,50,
13.50176,43.27567,5007121,Box Speed Check,50,
13.50475,43.25411,5,Box Speed Check,50,
13.50591,43.27600,5007121,Box Speed Check,50,
13.50961,43.54502,7007102,autovelox fisso,70,
13.50987,43.54302,7007021,Aspio,70,
13.51189,43.24824,4,Box Speed Check,40,
13.51613,43.25094,4,Box Speed Check,40,
13.51722,43.57797,7007021,monte dago,70,
13.51950,43.59240,7007021,Tavernelle,70,
13.52011,43.25172,4,Box Speed Check,40,
13.52466,43.25172,3,Box Speed Check,30,
13.52936,43.46810,5,Box Speed Check Fisso - Vigili U.,50,
13.53112,43.52588,7009013,Autobox Fisso,70,
13.53378,43.25383,3,Box Speed Check,30,
13.53413,43.52172,7009013,Autobox Fisso,70,
13.54503,43.50785,7009013,Autobox Fisso,70,
13.54864,43.50617,7009013,Autobox Fisso,70,
13.55382,43.37088,5007031,traffipax dir Macerata,50,
13.55479,43.37100,5007031,traffipax dir P.to Recanati,50,
13.56264,43.46378,5,Box Speed Check Fisso - Vigili U.,50,
13.57286,43.47263,5008122,Autovelox Fisso,50,
13.57944,43.46254,5008122,Autovelox Fisso,50,
13.58464,43.37127,7009011,Autobox Fisso,70,
13.65101,43.28461,5008040,Box Speed Check,50,
13.65292,43.28230,5008040,Box Speed Check,50,
13.65735,43.27088,7008092,Box Speed Check,70,
13.66096,43.26933,7008092,Box Speed Check,70,
13.67884,43.25870,5008063,Box Speed Check,50,
13.68049,43.25690,7008092,Box Speed Check,70,
13.68183,43.25623,5008092,Box Speed Check,50,
13.68233,43.24789,5009030,Box Speed Check,50,
13.68374,43.25548,5008092,Box Speed Check,50,
13.68644,43.25622,5009030,Box Speed Check,50,
13.68689,43.25685,5009030,Box Speed Check,50,
13.71034,43.26292,5,Box Speed Check - Vigili U.,50,
13.72151,43.27371,5009030,Box Speed Check,50,
13.72263,43.27482,5009071,Box Speed Check,50,
10.41049,43.72433,5009071,Velox 1 (Test 1),50,
10.41504,43.72306,5009071,Velox 2 (Test 1 / Test 2),50,
10.42255,43.72022,508989,Velox (Test 3 - Test 5),80,
